Area,Item,Element,Unit,Source,Y2012,Y2013,Y2014,Y2015,Y2016,Y2017,Y2018,Y2019,Y2020,Y2021,Y2022
Afghanistan,Synthetic Fertilizers,Direct emissions (N2O),kt,FAO TIER 1,0.2682,0.5485,1.1609,1.4538,1.5191,2.2122,1.8953,0.938,0.6779,0.5239,0.4091
Albania,Synthetic Fertilizers,Direct emissions (N2O),kt,FAO TIER 1,0.5491,0.4826,0.4826,0.5783,0.6741,0.6158,0.3892,0.6023,0.512,0,0.2588
Algeria,Synthetic Fertilizers,Direct emissions (N2O),kt,FAO TIER 1,1.1409,1.0057,1.2021,1.1691,1.1031,1.1031,1.1031,1.1031,1.1031,1.1031,1.1031
Angola,Synthetic Fertilizers,Direct emissions (N2O),kt,FAO TIER 1,0.3052,0.3212,0.4339,0.4006,0.3265,0.4198,0.3401,0.2644,0.3753,0.2703,0.4814
Antigua and Barbuda,Synthetic Fertilizers,Direct emissions (N2O),kt,FAO TIER 1,0.0004,0.0005,0.0003,0.0001,0.001,0.0001,0.0001,0.0004,0,0.0001,0.0002
Argentina,Synthetic Fertilizers,Direct emissions (N2O),kt,FAO TIER 1,11.5483,12.3853,12.3214,9.4833,14.51,15.3347,18.2367,20.0907,22.006,26.0546,27.7747
Armenia,Synthetic Fertilizers,Direct emissions (N2O),kt,FAO TIER 1,0.9027,0.9208,0.7643,0.9944,2.2989,1.416,1.416,0.3868,0.4111,0.2897,0.2636
Aruba,Synthetic Fertilizers,Direct emissions (N2O),kt,FAO TIER 1,0.0024,0,0.0001,0.0001,0,0,0,0,0,0.0001,0.0001
Australia,Synthetic Fertilizers,Direct emissions (N2O),kt,FAO TIER 1,17.6724,19.204,22.0721,20.472,23.1646,23.4741,22.1763,21.0193,28.3727,32.401,30.2094
Austria,Synthetic Fertilizers,Direct emissions (N2O),kt,FAO TIER 1,1.5356,1.7601,1.7539,2.0468,1.9269,1.8496,1.7778,1.5437,1.8178,1.6733,1.5331
Azerbaijan,Synthetic Fertilizers,Direct emissions (N2O),kt,FAO TIER 1,0.4328,0.399,0.5965,1.4101,1.3606,1.1265,1.869,1.0932,1.378,0.5547,0.2591
Bahamas,Synthetic Fertilizers,Direct emissions (N2O),kt,FAO TIER 1,0.0109,0.0077,0.0087,0.0104,0.0201,0.0256,0.0313,0.0099,0.0071,0.0071,
Bahrain,Synthetic Fertilizers,Direct emissions (N2O),kt,FAO TIER 1,0.028,0.028,0.028,0.028,0.0022,0.0017,0.0019,0.0024,0.0024,0.0024,0.001
Bangladesh,Synthetic Fertilizers,Direct emissions (N2O),kt,FAO TIER 1,17.7537,17.4702,19.3327,20.7576,18.4219,19.4926,20.9091,20.8648,21.4007,24.0158,23.7201
Barbados,Synthetic Fertilizers,Direct emissions (N2O),kt,FAO TIER 1,0.0185,0.0192,0.0105,0.0064,0.0044,0.0085,0.0036,0.0023,0.0028,0.0017,0.0029
Belarus,Synthetic Fertilizers,Direct emissions (N2O),kt,FAO TIER 1,8.7577,8.4046,7.1668,6.9736,5.4766,6.3933,6.3626,6.3993,7.2578,6.7251,7.2705
Belgium,Synthetic Fertilizers,Direct emissions (N2O),kt,FAO TIER 1,2.598,2.6308,2.764,2.7845,2.5282,2.3958,2.3944,2.4098,2.3552,2.4487,
Belize,Synthetic Fertilizers,Direct emissions (N2O),kt,FAO TIER 1,0.0958,0.2151,0.2795,0.2766,0.2642,0.2134,0.2536,0.2599,0.2614,0.2669,0.1062
Benin,Synthetic Fertilizers,Direct emissions (N2O),kt,FAO TIER 1,0.1404,0.079,0.232,0.0029,0.2229,0.0007,0.7553,1.184,0.8849,0.9041,1.0557
Bermuda,Synthetic Fertilizers,Direct emissions (N2O),kt,FAO TIER 1,,0.0008,0.0007,0.0006,0.0003,0.0006,0.0012,0.0007,0.0008,0.0005,
Bhutan,Synthetic Fertilizers,Direct emissions (N2O),kt,FAO TIER 1,0.0122,0.0119,0.014,0.0145,0.0134,0.0124,0.0237,0.0126,0.0126,0.0126,0.007
Bolivia (Plurinational State of),Synthetic Fertilizers,Direct emissions (N2O),kt,FAO TIER 1,0.3028,0.3777,0.3743,0.3633,0.313,0.321,0.2893,0.2293,0.3547,0.4188,0.2687
Bosnia and Herzegovina,Synthetic Fertilizers,Direct emissions (N2O),kt,FAO TIER 1,1.5942,1.3361,1.6453,1.7622,1.3605,1.4011,1.0914,0.6589,0.9692,0.738,0.7535
Botswana,Synthetic Fertilizers,Direct emissions (N2O),kt,FAO TIER 1,0.2381,0.3454,0.3325,0.2062,0.1681,0.0878,0.1987,0.1571,0.2144,0.2056,0.2499
Brazil,Synthetic Fertilizers,Direct emissions (N2O),kt,FAO TIER 1,54.3097,63.9171,71.1822,55.0348,57.0748,71.6024,72.1905,77.1845,92.885,105.2937,106.4653
Brunei Darussalam,Synthetic Fertilizers,Direct emissions (N2O),kt,FAO TIER 1,0.0046,0.0011,0.0038,0.0038,0.0038,0.0038,0.0038,0.0038,0.0038,0.0038,0.0038
Bulgaria,Synthetic Fertilizers,Direct emissions (N2O),kt,FAO TIER 1,3.85,4.5946,4.6607,5.1786,5.7501,5.5176,5.3323,5.5391,5.7253,5.3883,
Burkina Faso,Synthetic Fertilizers,Direct emissions (N2O),kt,FAO TIER 1,0.7468,0.7964,0.7669,0.8028,1.0629,0.916,0.8903,0.4722,0.793,0.6698,0.8519
Burundi,Synthetic Fertilizers,Direct emissions (N2O),kt,FAO TIER 1,0.0498,0.0619,0.0882,0.0726,0.1271,0.1595,0.2115,0.1082,0.1082,0.1082,0.1082
Cambodia,Synthetic Fertilizers,Direct emissions (N2O),kt,FAO TIER 1,0.8617,0.7927,1.0071,1.2706,0.8745,1.8071,2.0084,1.7619,1.7311,1.9127,1.3307
Cameroon,Synthetic Fertilizers,Direct emissions (N2O),kt,FAO TIER 1,0.442,0.5833,0.4087,0.67,0.6248,0.7302,0.6604,0.6604,0.6604,0.6604,0.719
Canada,Synthetic Fertilizers,Direct emissions (N2O),kt,FAO TIER 1,43.807,38.6729,39.9614,40.5586,38.6729,38.83,43.5129,40.3386,47.8657,44.4714,43.23
Central African Republic,Synthetic Fertilizers,Direct emissions (N2O),kt,FAO TIER 1,0.0036,0.0018,0,0.0034,0.0033,0.0014,0.0034,0.0033,0.0035,0.0035,0.0003
Chad,Synthetic Fertilizers,Direct emissions (N2O),kt,FAO TIER 1,0.0348,0.0413,0.0757,0.0476,0.0476,0.0476,0.1113,0.2215,0.2248,0.2097,0.2097
Chile,Synthetic Fertilizers,Direct emissions (N2O),kt,FAO TIER 1,3.9754,4.3077,4.1538,4.8055,3.847,3.8853,3.7304,3.9426,3.8961,4.3218,3.0918
China,Synthetic Fertilizers,Direct emissions (N2O),kt,FAO TIER 1,483.9968,486.5579,489.3486,486.3453,479.9697,466.5887,444.494,422.2978,406.7655,396.4564,385.9782
"China, Hong Kong SAR",Synthetic Fertilizers,Direct emissions (N2O),kt,FAO TIER 1,0.0139,0.014,0.0141,0.014,0.0135,0.0135,0.0126,0.0108,0.0078,0.0075,0.0075
"China, mainland",Synthetic Fertilizers,Direct emissions (N2O),kt,FAO TIER 1,481.3616,484.0111,486.8548,483.9289,477.5246,464.2784,442.2231,420.1633,404.516,394.4233,384.0166
"China, Taiwan Province of",Synthetic Fertilizers,Direct emissions (N2O),kt,FAO TIER 1,2.6213,2.5328,2.4797,2.4024,2.4316,2.2968,2.2583,2.1237,2.2417,2.0256,1.9541
Colombia,Synthetic Fertilizers,Direct emissions (N2O),kt,FAO TIER 1,6.6313,6.0946,7.2782,7.3627,6.8064,8.3673,7.7052,7.261,8.2973,7.6909,6.2635
Comoros,Synthetic Fertilizers,Direct emissions (N2O),kt,FAO TIER 1,0.0001,0,0,0,0.0003,0,0.0001,0.0006,0.0024,0.0013,0.0015
Congo,Synthetic Fertilizers,Direct emissions (N2O),kt,FAO TIER 1,0.0107,0.01,0.0046,0.01,0.005,0.0052,0.0079,0.0129,0.0485,0.0341,0.0423
Cook Islands,Synthetic Fertilizers,Direct emissions (N2O),kt,FAO TIER 1,0.0002,0.0001,0.0001,0.0004,0.0005,0.0002,0.0002,0.0002,0.0003,0.0002,0
Costa Rica,Synthetic Fertilizers,Direct emissions (N2O),kt,FAO TIER 1,1.3808,1.4139,1.2245,1.3385,1.5548,1.426,1.5119,1.4658,1.4885,1.2789,1.1017
CÃ´te d'Ivoire,Synthetic Fertilizers,Direct emissions (N2O),kt,FAO TIER 1,0.5112,0.5257,0.6944,0.6613,0.7327,0.4644,0.495,0.973,0.6741,0.826,0.8034
Croatia,Synthetic Fertilizers,Direct emissions (N2O),kt,FAO TIER 1,1.6796,1.2245,1.1578,1.3739,1.1365,1.5465,1.5623,1.5258,1.5551,1.6058,1.3896
Cuba,Synthetic Fertilizers,Direct emissions (N2O),kt,FAO TIER 1,0.9375,1.1089,1.2318,0.9803,0.7675,0.8292,0.6289,0.6289,0.6289,0.6289,0.2371
Cyprus,Synthetic Fertilizers,Direct emissions (N2O),kt,FAO TIER 1,0.1381,0.1097,0.0981,0.1248,0.1252,0.1252,0.1221,0.1284,0.1269,0.103,0.0907
Czechia,Synthetic Fertilizers,Direct emissions (N2O),kt,FAO TIER 1,5.3374,5.2171,5.1641,6.2407,6.3515,5.7521,5.528,5.2176,4.4854,4.8659,5.1058
Democratic People's Republic of Korea,Synthetic Fertilizers,Direct emissions (N2O),kt,FAO TIER 1,1.9825,2.1091,1.7571,1.4707,2.0122,1.8736,2.8116,1.0812,0.469,0.3045,0.0663
Democratic Republic of the Congo,Synthetic Fertilizers,Direct emissions (N2O),kt,FAO TIER 1,0.0541,0.1113,0.2386,0.2867,0.1778,0.2521,0.3094,0.4305,0.3723,0.3723,0.3459
Denmark,Synthetic Fertilizers,Direct emissions (N2O),kt,FAO TIER 1,2.97,2.806,3.2162,3.5366,3.7828,3.7163,3.5261,3.5395,3.6689,3.1833,3.0793
Djibouti,Synthetic Fertilizers,Direct emissions (N2O),kt,FAO TIER 1,0.0003,0.0003,0.0004,0.0003,0.0004,0.0005,0.0005,0.0006,0.0011,0.001,0.001
Dominica,Synthetic Fertilizers,Direct emissions (N2O),kt,FAO TIER 1,0.0019,0.0046,0.0009,0.0049,0.0015,0.0016,0.0008,0.0036,0.0021,0.0012,0.0005
Dominican Republic,Synthetic Fertilizers,Direct emissions (N2O),kt,FAO TIER 1,0.5312,0.5765,0.69,0.9531,1.0307,1.1078,2.0322,1.8181,1.9683,1.6476,1.6476
Ecuador,Synthetic Fertilizers,Direct emissions (N2O),kt,FAO TIER 1,2.7175,2.5373,2.7255,2.1783,3.0868,3.1522,3.4559,3.2719,3.2719,3.2719,2.5503
Egypt,Synthetic Fertilizers,Direct emissions (N2O),kt,FAO TIER 1,17.0783,17.3501,17.6723,19.1604,20.1221,20.6627,20.966,19.6963,20.9299,20.9299,20.9299
El Salvador,Synthetic Fertilizers,Direct emissions (N2O),kt,FAO TIER 1,1.1171,1.0869,0.78,0.9129,0.7441,0.5391,0.8529,0.3955,0.6354,0.8194,0.3082
Equatorial Guinea,Synthetic Fertilizers,Direct emissions (N2O),kt,FAO TIER 1,0.0056,0.0068,0.007,0.009,0.0074,0.0092,0.0079,0.0041,0.0042,0.0039,0.0039
Eritrea,Synthetic Fertilizers,Direct emissions (N2O),kt,FAO TIER 1,0.0097,0.0129,0.0148,0.0159,0.0302,0.0279,0.0731,0.0649,0.0548,0.0325,0.0428
Estonia,Synthetic Fertilizers,Direct emissions (N2O),kt,FAO TIER 1,0.5182,0.5289,0.5627,0.5701,0.5718,0.5867,0.6108,0.6512,0.6519,0.7349,0.6608
Eswatini,Synthetic Fertilizers,Direct emissions (N2O),kt,FAO TIER 1,0.0996,0.0959,0.092,0.0841,0.0791,0.1095,0.0917,0.1152,0.119,0.128,0.128
Ethiopia,Synthetic Fertilizers,Direct emissions (N2O),kt,FAO TIER 1,3.9111,2.7034,3.7291,3.8439,5.4617,5.9184,3.9954,5.4925,7.1581,7.4781,6.6926
Fiji,Synthetic Fertilizers,Direct emissions (N2O),kt,FAO TIER 1,0.0623,0.0583,0.0438,0.0915,0.0663,0.0796,0.0472,0.0668,0.0878,0.0475,0.051
Finland,Synthetic Fertilizers,Direct emissions (N2O),kt,FAO TIER 1,2.1827,2.1707,2.3159,2.2547,2.1706,2.1835,2.1746,2.3068,2.1893,2.2913,1.6488
France,Synthetic Fertilizers,Direct emissions (N2O),kt,FAO TIER 1,31.8203,34.0755,33.9346,35.1975,34.4414,36.8883,34.0958,31.8183,32.8456,31.1644,27.2426
French Guiana,Synthetic Fertilizers,Direct emissions (N2O),kt,FAO TIER 1,0.0112,0.0138,0.0156,0.0133,0.0143,0.0163,0.0165,0.0161,0.0183,0.02,0.02
French Polynesia,Synthetic Fertilizers,Direct emissions (N2O),kt,FAO TIER 1,0.0039,0.0039,0.0036,0.0054,0.004,0.0059,0.0037,0.006,0.0049,,
Gabon,Synthetic Fertilizers,Direct emissions (N2O),kt,FAO TIER 1,0.0204,0.0201,0.0291,0.0695,0.0576,0.1217,0.0989,0.0913,0.0423,0.0581,0.1729
Gambia,Synthetic Fertilizers,Direct emissions (N2O),kt,FAO TIER 1,0.0071,0.0009,0.0004,0.0022,0.002,0.0006,0.0315,0.0105,0.0003,0.0075,0.0075
Georgia,Synthetic Fertilizers,Direct emissions (N2O),kt,FAO TIER 1,0.2768,0.3552,0.278,0.2728,0.284,0.2253,0.234,0.2019,0.315,0.3261,0.303
Germany,Synthetic Fertilizers,Direct emissions (N2O),kt,FAO TIER 1,25.9102,26.326,28.6439,26.8811,26.0674,23.5188,21.093,21.5613,19.8861,17.2352,15.83
Ghana,Synthetic Fertilizers,Direct emissions (N2O),kt,FAO TIER 1,0.665,0.7125,0.5999,0.6741,0.6741,1.2886,1.0246,1.2021,1.2701,1.2075,1.221
Greece,Synthetic Fertilizers,Direct emissions (N2O),kt,FAO TIER 1,2.757,2.9733,2.8262,2.5844,2.7205,2.8557,2.8197,2.9818,3.1891,3.2804,2.6309
Greenland,Synthetic Fertilizers,Direct emissions (N2O),kt,FAO TIER 1,0.0017,0.0003,0.0008,0.0003,0.0009,0.0003,0.0004,0.0004,0.0004,0.0004,0.0004
Grenada,Synthetic Fertilizers,Direct emissions (N2O),kt,FAO TIER 1,0.0024,0.0026,0.003,0.0029,0.0028,0.0029,0.0031,0.0032,0.0031,0.0027,0.0027
Guadeloupe,Synthetic Fertilizers,Direct emissions (N2O),kt,FAO TIER 1,0.0082,0.009,0.0108,0.0107,0.0103,0.0108,0.0112,0.0114,0.0108,0.0093,0.0093
Guatemala,Synthetic Fertilizers,Direct emissions (N2O),kt,FAO TIER 1,2.9162,2.859,2.551,2.8314,2.6288,2.7373,2.9853,2.6649,3.3218,2.982,2.3419
Guinea,Synthetic Fertilizers,Direct emissions (N2O),kt,FAO TIER 1,0.0845,0.0428,0.0459,0.0379,0.035,0.205,0.1109,0.1109,0.1109,0.1109,0.2802
Guinea-Bissau,Synthetic Fertilizers,Direct emissions (N2O),kt,FAO TIER 1,0.038,0.0456,0.0455,0.0395,0.0557,0.0699,0.0715,0.0716,0.0712,0.0668,0.0668
Guyana,Synthetic Fertilizers,Direct emissions (N2O),kt,FAO TIER 1,0.1778,0.2608,0.2245,0.3029,0.1747,0.1256,0.3108,0.3359,0.2746,0.3174,0.2098
Haiti,Synthetic Fertilizers,Direct emissions (N2O),kt,FAO TIER 1,0.0882,0.0703,0.1317,0.081,0.0342,0.1045,0.0622,0.263,0.0254,0.0064,0.0072
Honduras,Synthetic Fertilizers,Direct emissions (N2O),kt,FAO TIER 1,1.1851,1.1741,1.163,1.184,1.5077,1.7313,1.929,1.3536,2.0117,1.6479,1.6479
Hungary,Synthetic Fertilizers,Direct emissions (N2O),kt,FAO TIER 1,4.9176,5.3892,5.1347,5.3237,6.3481,6.6703,6.6672,6.5356,6.9952,7.1705,5.1144
Iceland,Synthetic Fertilizers,Direct emissions (N2O),kt,FAO TIER 1,0.1482,0.1354,0.1696,0.1787,0.1702,0.2053,0.1845,0.1631,0.1793,0.1924,0.1762
India,Synthetic Fertilizers,Direct emissions (N2O),kt,FAO TIER 1,264.3284,263.2159,266.3509,272.9933,262.9849,266.4829,277.0146,296.4327,320.6343,306.2447,317.5276
Indonesia,Synthetic Fertilizers,Direct emissions (N2O),kt,FAO TIER 1,46.3106,43.8602,45.7192,44.2923,46.5776,46.3884,50.8685,46.0158,55.6441,57.661,46.9062
Iran (Islamic Republic of),Synthetic Fertilizers,Direct emissions (N2O),kt,FAO TIER 1,10.5338,9.8376,11.0237,8.8637,8.8772,9.4694,11.4663,12.8035,14.1929,14.1929,14.1929
Iraq,Synthetic Fertilizers,Direct emissions (N2O),kt,FAO TIER 1,2.4936,2.5117,1.2598,0.9937,1.6417,2.8433,2.7188,2.8421,3.0434,2.6672,2.6672
Ireland,Synthetic Fertilizers,Direct emissions (N2O),kt,FAO TIER 1,5.5478,5.2137,5.2137,5.2008,5.3288,5.8,6.4192,5.7729,5.9639,6.2726,5.393
Israel,Synthetic Fertilizers,Direct emissions (N2O),kt,FAO TIER 1,0.7087,0.737,0.7291,0.7087,0.7354,0.7606,0.7889,0.6507,0.5207,0.5591,0.4661
Italy,Synthetic Fertilizers,Direct emissions (N2O),kt,FAO TIER 1,9.2871,9.438,9.0203,9.5109,9.4715,9.4167,9.3463,9.4057,9.0283,8.9902,8.9651
Jamaica,Synthetic Fertilizers,Direct emissions (N2O),kt,FAO TIER 1,0.1,0.0755,0.0761,0.0415,0.0492,0.0591,0.0973,0.0751,0.0611,0.0611,0.0587
Japan,Synthetic Fertilizers,Direct emissions (N2O),kt,FAO TIER 1,6.2322,5.7671,6.2197,5.643,5.9746,6.0579,5.8049,5.6163,5.577,5.577,5.577
Jordan,Synthetic Fertilizers,Direct emissions (N2O),kt,FAO TIER 1,0.165,0.39,0.2929,0.5425,0.3475,0.3156,0.313,0.3065,0.2394,0.2261,0.2349
Kazakhstan,Synthetic Fertilizers,Direct emissions (N2O),kt,FAO TIER 1,1.6541,0.8759,1.2674,1.4384,1.2575,1.6378,1.2729,0.8571,1.1692,1.2729,1.122
Kenya,Synthetic Fertilizers,Direct emissions (N2O),kt,FAO TIER 1,1.9681,2.3321,1.92,1.5078,1.9544,2.5204,1.8671,2.193,3.062,2.6992,1.5093
Kiribati,Synthetic Fertilizers,Direct emissions (N2O),kt,FAO TIER 1,0,0,0,0,0,0,0,0,0,0.0001,0.0001
Kuwait,Synthetic Fertilizers,Direct emissions (N2O),kt,FAO TIER 1,0.0236,0.0471,0.0519,0.0471,0.0377,0.0409,0.0393,0.0292,0.05,0.05,0.034
Kyrgyzstan,Synthetic Fertilizers,Direct emissions (N2O),kt,FAO TIER 1,0.4228,0.4577,0.5618,0.2009,0.2213,0.1463,0.3921,0.3893,0.4075,0.358,0.3626
Lao People's Democratic Republic,Synthetic Fertilizers,Direct emissions (N2O),kt,FAO TIER 1,0.4631,0.3289,0.4388,0.4397,0.3939,0.3939,0.531,0.6395,0.574,0.5733,0.6344
Latvia,Synthetic Fertilizers,Direct emissions (N2O),kt,FAO TIER 1,1.0246,1.0952,1.1461,1.1915,1.2302,1.2169,1.1713,1.2684,1.3254,1.3302,1.2934
Lebanon,Synthetic Fertilizers,Direct emissions (N2O),kt,FAO TIER 1,0.2931,0.3138,0.3001,0.2974,0.3262,0.36,0.266,0.2779,0.2697,0.1474,0.1189
Liberia,Synthetic Fertilizers,Direct emissions (N2O),kt,FAO TIER 1,0.0491,0.0589,0.0588,0.0503,0.0708,0.089,0.091,0.0911,0.0906,0.085,0.085
Libya,Synthetic Fertilizers,Direct emissions (N2O),kt,FAO TIER 1,0.5091,0.4903,0.275,0.22,0.2467,0.4054,0.2373,0.2279,0.2153,0.2153,0.2153
Lithuania,Synthetic Fertilizers,Direct emissions (N2O),kt,FAO TIER 1,2.4043,2.4707,2.5646,2.5585,2.518,2.6266,2.5054,2.8066,2.9194,2.9465,2.054
Luxembourg,Synthetic Fertilizers,Direct emissions (N2O),kt,FAO TIER 1,0.2149,0.21,0.1998,0.2044,0.2158,0.2133,0.1896,0.1993,0.1886,0.1996,0.1197
Madagascar,Synthetic Fertilizers,Direct emissions (N2O),kt,FAO TIER 1,0.2646,0.1613,0.2878,0.2584,0.1467,0.4936,0.4509,0.38,0.3003,0.1502,0.2302
Malawi,Synthetic Fertilizers,Direct emissions (N2O),kt,FAO TIER 1,0.9181,0.9238,1.8591,1.7196,0.9944,1.3587,1.5155,1.1989,1.9944,1.6278,0.9964
Malaysia,Synthetic Fertilizers,Direct emissions (N2O),kt,FAO TIER 1,11.3229,8.7262,9.4577,8.4583,8.2854,7.4944,6.0795,4.3837,5.2239,7.2115,5.5825
Maldives,Synthetic Fertilizers,Direct emissions (N2O),kt,FAO TIER 1,0.0048,0.004,0.0032,0.0036,0.0053,0.0055,0.0064,0.0037,0.0038,0.004,0.0027
Mali,Synthetic Fertilizers,Direct emissions (N2O),kt,FAO TIER 1,0.93,1.1714,1.4127,1.6541,1.8955,1.6184,1.6184,2.4707,1.6137,0.7179,0.3268
Malta,Synthetic Fertilizers,Direct emissions (N2O),kt,FAO TIER 1,0.0086,0.009,0.0093,0.0097,0.0089,0.0092,0.0092,0.0092,0.0092,0.0092,0.0092
Martinique,Synthetic Fertilizers,Direct emissions (N2O),kt,FAO TIER 1,0.0059,0.0067,0.0072,0.0073,0.0069,0.0062,0.0068,0.0071,0.0074,0.0064,0.0064
Mauritania,Synthetic Fertilizers,Direct emissions (N2O),kt,FAO TIER 1,0.0284,0.0341,0.034,0.0295,0.0416,0.0522,0.0534,0.0599,0.0596,0.0559,0.0559
Mauritius,Synthetic Fertilizers,Direct emissions (N2O),kt,FAO TIER 1,0.1641,0.1193,0.1675,0.1032,0.1423,0.1317,0.1164,0.1223,0.0888,0.0971,0.0874
Mexico,Synthetic Fertilizers,Direct emissions (N2O),kt,FAO TIER 1,20.939,23.2058,22.287,17.446,23.4338,22.8798,20.9289,20.3421,22.4264,20.6726,15.6242
Mongolia,Synthetic Fertilizers,Direct emissions (N2O),kt,FAO TIER 1,0.2661,0.3986,0.3006,0.3251,0.3609,0.5606,0.6367,0,0,0.0292,0
Montenegro,Synthetic Fertilizers,Direct emissions (N2O),kt,FAO TIER 1,0.02,0.0222,0.0208,0.0202,0.0208,0.0164,0.0197,0.023,0.0226,0.021,0.0161
Morocco,Synthetic Fertilizers,Direct emissions (N2O),kt,FAO TIER 1,2.9132,3.7554,3.6617,3.8224,1.7933,3.9474,3.3236,2.9166,3.5907,3.5907,3.5907
Mozambique,Synthetic Fertilizers,Direct emissions (N2O),kt,FAO TIER 1,0.3738,0.4185,0.5273,0.2155,0.3016,0.3553,0.4166,0.7263,0.7527,0.8935,0.6074
Myanmar,Synthetic Fertilizers,Direct emissions (N2O),kt,FAO TIER 1,2.0586,2.9073,3.7091,1.8366,2.3518,4.027,4.2633,5.5525,7.4256,4.9547,1.5234
Namibia,Synthetic Fertilizers,Direct emissions (N2O),kt,FAO TIER 1,0.1651,0.1215,0.0609,0.1531,0.3088,0.2961,0.4792,0.2963,0.0429,0.0429,0.1838
Nepal,Synthetic Fertilizers,Direct emissions (N2O),kt,FAO TIER 1,0.7221,1.2302,1.5198,1.6625,1.6614,1.44,1.9997,1.9091,2.0777,2.0265,1.257
Netherlands (Kingdom of the),Synthetic Fertilizers,Direct emissions (N2O),kt,FAO TIER 1,3.63,3.1742,3.4836,3.7929,3.5212,3.5257,3.2811,3.286,3.3283,3.2417,2.9847
New Caledonia,Synthetic Fertilizers,Direct emissions (N2O),kt,FAO TIER 1,0.0121,0.0078,0.0088,0.0088,0.0088,0.0088,0.0088,0.0088,0.0088,0.0088,0.0088
New Zealand,Synthetic Fertilizers,Direct emissions (N2O),kt,FAO TIER 1,5.7043,5.8143,6.3643,6.7414,6.7886,6.9614,7.1971,7.1029,7.3857,6.93,6.6
Nicaragua,Synthetic Fertilizers,Direct emissions (N2O),kt,FAO TIER 1,1.0274,0.5703,0.7946,0.8781,0.9343,1.2201,0.7591,0.8481,1.0553,0.9769,0.8014
Niger,Synthetic Fertilizers,Direct emissions (N2O),kt,FAO TIER 1,0.2013,0.1119,0.198,0.1056,0.1012,0.1012,0.1733,0.196,0.0958,0.0958,0.0976
Nigeria,Synthetic Fertilizers,Direct emissions (N2O),kt,FAO TIER 1,3.0266,4.2354,3.8052,3.0816,4.5374,7.1186,6.8577,6.3622,9.297,6.7059,1.9186
Niue,Synthetic Fertilizers,Direct emissions (N2O),kt,FAO TIER 1,0.0002,0.0002,0.0002,0.0002,0.0002,0.0003,0.0002,0,0,0,0
North Macedonia,Synthetic Fertilizers,Direct emissions (N2O),kt,FAO TIER 1,0.263,0.3035,0.321,0.3043,0.3539,0.3299,0.2815,0.2769,0.3683,0.2291,0.2231
Norway,Synthetic Fertilizers,Direct emissions (N2O),kt,FAO TIER 1,1.4844,1.5011,1.559,1.6123,1.6101,1.5663,1.609,1.6771,1.6639,1.6838,1.646
Oman,Synthetic Fertilizers,Direct emissions (N2O),kt,FAO TIER 1,0.1572,0.1764,0.1352,0.1466,0.1401,0.1382,0.1616,0.1446,0.1446,0.1807,0.1952
Pakistan,Synthetic Fertilizers,Direct emissions (N2O),kt,FAO TIER 1,44.7978,50.9073,49.3313,49.6651,50.9443,54.1659,54.1659,55.0842,55.5309,58.3785,57.6212
Palau,Synthetic Fertilizers,Direct emissions (N2O),kt,FAO TIER 1,0,0,0,0,0,0,0,0.0001,0.0001,0.0001,0.0001
Palestine,Synthetic Fertilizers,Direct emissions (N2O),kt,FAO TIER 1,0.0961,0.1093,0.1102,0.1118,0.1468,0.1462,0.134,0.1294,0.1352,0.1035,0.1035
Panama,Synthetic Fertilizers,Direct emissions (N2O),kt,FAO TIER 1,0.3569,0.4193,0.2507,0.2512,0.15,0.1886,0.2797,0.2816,0.4769,0.6028,0.3533
Papua New Guinea,Synthetic Fertilizers,Direct emissions (N2O),kt,FAO TIER 1,0.2535,0.2598,0.2675,0.3249,0.3301,0.4142,0.4489,0.4518,0.4151,0.3914,0.4789
Paraguay,Synthetic Fertilizers,Direct emissions (N2O),kt,FAO TIER 1,1.5333,1.8138,2.1139,1.9181,1.8894,2.1026,2.0916,1.9293,2.2234,2.4661,1.8072
Peru,Synthetic Fertilizers,Direct emissions (N2O),kt,FAO TIER 1,4.1854,3.9758,3.9257,4.4335,4.5465,5.1868,3.8664,5.1845,4.9006,5.2043,4.4005
Philippines,Synthetic Fertilizers,Direct emissions (N2O),kt,FAO TIER 1,7.3857,8.2886,9.3585,8.28,9.8707,11.9631,10.2092,11.1504,11.7928,11.2499,12.556
Poland,Synthetic Fertilizers,Direct emissions (N2O),kt,FAO TIER 1,18.5287,17.2606,15.7709,16.39,18.0809,18.524,15.6216,16.2407,14.3314,14.3314,14.3314
Portugal,Synthetic Fertilizers,Direct emissions (N2O),kt,FAO TIER 1,1.6793,1.7387,2.0427,1.8528,1.7041,1.612,1.5929,1.6876,1.6213,1.4643,0.9059
Puerto Rico,Synthetic Fertilizers,Direct emissions (N2O),kt,FAO TIER 1,0.0284,0.0303,0.0333,0.0313,0.0286,0.029,0.0289,0.0301,0.0291,0.0251,0.0251
Qatar,Synthetic Fertilizers,Direct emissions (N2O),kt,FAO TIER 1,0.0157,0.0251,0.022,0.0189,0.0189,0.022,0.018,0.0233,0.0253,0.0245,0.0245
Republic of Korea,Synthetic Fertilizers,Direct emissions (N2O),kt,FAO TIER 1,3.6466,3.5192,3.4738,3.3332,3.3722,3.2919,3.3965,3.3264,3.6025,3.335,3.8072
Republic of Moldova,Synthetic Fertilizers,Direct emissions (N2O),kt,FAO TIER 1,0.4227,0.5343,0.631,0.5334,0.7217,0.7268,1.0018,0.7747,0.8344,0.8695,0.7427
RÃ©union,Synthetic Fertilizers,Direct emissions (N2O),kt,FAO TIER 1,0.0059,0.0064,0.007,0.0064,0.0077,0.0088,0.0085,0.0073,0.0105,0.0096,0.0096
Romania,Synthetic Fertilizers,Direct emissions (N2O),kt,FAO TIER 1,4.5566,5.4131,4.7703,5.6155,5.4106,5.9925,7.3643,7.1651,7.3683,8.0269,7.2131
Russian Federation,Synthetic Fertilizers,Direct emissions (N2O),kt,FAO TIER 1,18.5396,18.3323,18.7706,19.8537,22.7105,23.7725,24.2317,27.1457,30.1151,32.9104,34.2071
Rwanda,Synthetic Fertilizers,Direct emissions (N2O),kt,FAO TIER 1,0.0363,0.1056,0.109,0.1472,0.0544,0.1346,0.1188,0.167,0.1969,0.1661,0.2373
Saint Kitts and Nevis,Synthetic Fertilizers,Direct emissions (N2O),kt,FAO TIER 1,0.0004,0,0.0007,0.0001,0.0003,0.0002,0.0002,0.0002,0.0002,0.0002,0.0002
Saint Lucia,Synthetic Fertilizers,Direct emissions (N2O),kt,FAO TIER 1,0.005,0.0032,0.0063,0.0067,0.0045,0.002,0.003,0.0043,0.0049,0.0049,0.0049
Saint Vincent and the Grenadines,Synthetic Fertilizers,Direct emissions (N2O),kt,FAO TIER 1,0.0017,0.0019,0.0021,0.0021,0.002,0.0021,0.0022,0.0023,0.0022,0.0019,0.0019
Samoa,Synthetic Fertilizers,Direct emissions (N2O),kt,FAO TIER 1,0,0.0001,0.0001,0,0.0005,0.0001,0.0003,0.0004,0.0002,0.0002,0.0002
Sao Tome and Principe,Synthetic Fertilizers,Direct emissions (N2O),kt,FAO TIER 1,0.0013,0.0015,0.0016,0.0021,0.0017,0.0021,0.0018,0.0017,0.0017,0.0017,0.0017
Saudi Arabia,Synthetic Fertilizers,Direct emissions (N2O),kt,FAO TIER 1,3.2371,2.6966,2.5771,3.0957,3.1696,2.8066,2.8003,2.8003,4.1641,3.9178,3.8667
Senegal,Synthetic Fertilizers,Direct emissions (N2O),kt,FAO TIER 1,0.3044,0.3353,0.3371,0,0.5419,0.7452,0.5694,0.4948,0.7349,0.2701,0.8273
Serbia,Synthetic Fertilizers,Direct emissions (N2O),kt,FAO TIER 1,5.6087,5.3544,3.3004,3.0173,3.7072,3.415,1.8253,2.0465,3.8488,1.6158,4.1898
Seychelles,Synthetic Fertilizers,Direct emissions (N2O),kt,FAO TIER 1,0.0006,0.0004,0.0006,0.0009,0.0007,0.0008,0.0007,0.001,0.0007,0.0007,0.0005
Sierra Leone,Synthetic Fertilizers,Direct emissions (N2O),kt,FAO TIER 1,0.1132,0.1451,0.1448,0.1256,0.177,0.2223,0.2273,0.0389,0.0389,0.0389,0.0389
Singapore,Synthetic Fertilizers,Direct emissions (N2O),kt,FAO TIER 1,0.0007,0.0007,0.0007,0.0006,0.0006,0.0007,0.0007,0.0006,0.0007,0.0007,0.0007
Slovakia,Synthetic Fertilizers,Direct emissions (N2O),kt,FAO TIER 1,1.7848,1.7848,1.8706,1.8036,1.9837,1.9256,2.0268,2.0198,2.0063,2.0035,1.8126
Slovenia,Synthetic Fertilizers,Direct emissions (N2O),kt,FAO TIER 1,0.4133,0.4284,0.4496,0.445,0.4258,0.4256,0.4289,0.4407,0.4399,0.458,0.4373
Somalia,Synthetic Fertilizers,Direct emissions (N2O),kt,FAO TIER 1,0.0001,0.0003,0.001,0.0007,0.0092,0.0143,0.0069,0.0097,0.0262,0.0194,0.0019
South Africa,Synthetic Fertilizers,Direct emissions (N2O),kt,FAO TIER 1,6.6786,6.3486,6.2071,5.61,5.1386,7.3857,7.9818,8.4104,9.2462,9.723,8.512
South Sudan,Synthetic Fertilizers,Direct emissions (N2O),kt,FAO TIER 1,0,,0.0002,0.0009,0.0011,0.001,0.0015,0.0013,0.0017,0.0039,0
Spain,Synthetic Fertilizers,Direct emissions (N2O),kt,FAO TIER 1,13.2536,15.1094,17.3155,16.7845,15.4339,16.9608,16.2406,15.8911,16.6461,16.1825,11.6926
Sri Lanka,Synthetic Fertilizers,Direct emissions (N2O),kt,FAO TIER 1,2.5814,2.0075,3.5805,2.3581,1.8508,1.7243,1.0816,2.258,3.7603,1.8736,1.8736
Sudan,Synthetic Fertilizers,Direct emissions (N2O),kt,FAO TIER 1,0.4513,0.7173,0.637,1.2088,2.8104,2.5758,1.8932,1.8932,3.9237,1.8932,1.8929
Suriname,Synthetic Fertilizers,Direct emissions (N2O),kt,FAO TIER 1,0.0953,0.1017,0.1491,0.1132,0.191,0.1951,0.1102,0.1017,0.2122,0.134,0.1188
Sweden,Synthetic Fertilizers,Direct emissions (N2O),kt,FAO TIER 1,2.3272,2.5308,2.8457,2.9893,2.9235,3.1187,2.8944,2.8704,3.3813,3.0643,2.9056
Switzerland,Synthetic Fertilizers,Direct emissions (N2O),kt,FAO TIER 1,0.6183,0.7673,0.7724,0.7815,0.826,0.7631,0.7001,0.5995,0.6777,0.6845,
Syrian Arab Republic,Synthetic Fertilizers,Direct emissions (N2O),kt,FAO TIER 1,1.7555,0.3949,0.4549,0.0376,0.2791,0.1175,0.3244,0.3868,0.3769,0.2034,0.2863
Tajikistan,Synthetic Fertilizers,Direct emissions (N2O),kt,FAO TIER 1,0.0972,0.1105,0.1945,0.2583,0.1247,0.1247,0.1247,1.1015,1.1186,1.1154,1.1822
Thailand,Synthetic Fertilizers,Direct emissions (N2O),kt,FAO TIER 1,25.4558,25.8478,24.2542,19.8936,23.2818,27.1345,22.357,19.8042,22.8117,22.2855,18.1047
Timor-Leste,Synthetic Fertilizers,Direct emissions (N2O),kt,FAO TIER 1,0.0014,0.0013,0.0001,0.0024,0.0012,0.0004,0.0007,0.002,0.0011,0.0012,0.0013
Togo,Synthetic Fertilizers,Direct emissions (N2O),kt,FAO TIER 1,0.1078,0.146,0.0273,0.0153,0.194,0.0671,0.3254,0.055,0.055,0.0165,0.372
Tonga,Synthetic Fertilizers,Direct emissions (N2O),kt,FAO TIER 1,0.0008,0.0011,0.0007,0.0009,0.0015,0.0018,0.001,0.0013,0.0013,0.0015,0.0009
Trinidad and Tobago,Synthetic Fertilizers,Direct emissions (N2O),kt,FAO TIER 1,0.0943,0.0943,0.1021,0.1021,0.1021,0.1006,0.1021,0.0214,0.0206,0.0178,
Tunisia,Synthetic Fertilizers,Direct emissions (N2O),kt,FAO TIER 1,1.3357,0.9256,1.0167,1.1644,1.551,1.2021,1.3499,1.2264,1.1038,1.8312,1.4731
TÃ¼rkiye,Synthetic Fertilizers,Direct emissions (N2O),kt,FAO TIER 1,22.4968,24.8894,23.4589,23.3604,29.8018,27.73,24.005,26.4401,32.2565,28.0869,24.8189
Turkmenistan,Synthetic Fertilizers,Direct emissions (N2O),kt,FAO TIER 1,4.0857,5.9699,6.2983,7.6214,6.534,6.1757,6.5214,5.6389,7.6605,6.2712,8.0233
Tuvalu,Synthetic Fertilizers,Direct emissions (N2O),kt,FAO TIER 1,0.0001,0.0001,0.0001,0.0001,0.0001,0.0001,0.0001,0.0001,0.0001,0,0
Uganda,Synthetic Fertilizers,Direct emissions (N2O),kt,FAO TIER 1,0.1265,0.1508,0.1043,0.0327,0.1342,0.1196,0.1761,0.1878,0.1214,0.1214,0.1484
Ukraine,Synthetic Fertilizers,Direct emissions (N2O),kt,FAO TIER 1,14.6159,16.3886,16.0468,15.4779,18.816,21.4549,22.0772,23.0615,26.967,27.8122,19.0822
United Arab Emirates,Synthetic Fertilizers,Direct emissions (N2O),kt,FAO TIER 1,0.3082,0.2648,0.1957,0.238,0.1962,0.1644,0.1503,0.1586,0.189,0.1789,0.1789
United Kingdom of Great Britain and Northern Ireland,Synthetic Fertilizers,Direct emissions (N2O),kt,FAO TIER 1,15.7143,15.6986,16.6571,16.4843,16.1229,16.3586,16.2329,16.3114,15.1957,15.9343,13.5457
United Republic of Tanzania,Synthetic Fertilizers,Direct emissions (N2O),kt,FAO TIER 1,0.8883,1.7,1.3202,1.2024,1.6903,1.6659,2.2237,1.229,2.6927,1.3969,2.6028
United States of America,Synthetic Fertilizers,Direct emissions (N2O),kt,FAO TIER 1,192.4855,189.5275,185.4632,185.8903,182.9902,181.998,186.8636,184.8027,187.4079,184.2158,179.5538
Uruguay,Synthetic Fertilizers,Direct emissions (N2O),kt,FAO TIER 1,3.4107,3.2718,2.7665,1.8139,2.4605,2.4434,2.5181,2.706,3.2066,3.5862,3.339
Uzbekistan,Synthetic Fertilizers,Direct emissions (N2O),kt,FAO TIER 1,9.9686,10.6192,10.9852,11.149,11.335,11.335,10.5552,12.7768,12.865,15.847,13.0569
Venezuela (Bolivarian Republic of),Synthetic Fertilizers,Direct emissions (N2O),kt,FAO TIER 1,4.0141,3.7792,3.6874,3.683,3.5656,3.4949,2.2361,1.7785,1.7524,1.8075,1.8075
Viet Nam,Synthetic Fertilizers,Direct emissions (N2O),kt,FAO TIER 1,18.6368,25.5873,21.4325,26.648,24.3402,24.5654,24.7159,24.7159,24.7159,24.7159,27.731
Yemen,Synthetic Fertilizers,Direct emissions (N2O),kt,FAO TIER 1,0.2108,0.4211,0.3701,0.0146,0.2944,0.2074,0.0201,0.1462,0.1135,0.0368,0.0834
Zambia,Synthetic Fertilizers,Direct emissions (N2O),kt,FAO TIER 1,1.561,2.2117,2.1683,2.6006,2.956,3.3108,2.3256,2.6343,3.013,2.8071,2.7015
Zimbabwe,Synthetic Fertilizers,Direct emissions (N2O),kt,FAO TIER 1,0.6443,0.814,0.7857,0.6694,0.913,1.0214,0.7873,0.7873,0.6176,0.6176,0.6176
